{
    "camera_1":{
        "projection":[[946.584593,-12.922972,491.334617,-5453.927315],
                     [20.115202, 1056.272846, 252.800107,2166.787814],
                     [-0.011642,0.016554,0.999795,-0.509449]],
        "intrinsic":[[952.470000,0.000000,480.000000],
                     [0.000000,1052.200000,270.000000],
                     [0.000000,0.000000,1.000000]]
    },

    "camera_2":{
        "projection":[[969.184727,-47.021004,484.121272,7103.063044],
                      [37.453599,1090.647381,298.652191,4243.376075],
                      [-0.005337,-0.025991,0.999648,4.693260]],
        "intrinsic":[[972.370000,0.000000,480.000000],
                      [0.000000,1098.730000,270.000000],
                      [0.000000,0.000000,1.000000]]
    },

    "camera_3":{
        "projection":[[941.104356,-30.329383,494.640738,-1906.476454],
                      [20.214907,1044.668124,287.602278,-2634.101490],
                      [-0.015950,-0.016469,0.999737,-0.715030]
            ],
        "intrinsic":[[949.140000,0.000000,480.000000],
                     [0.000000,1049.550000,270.000000],
                     [0.000000,0.000000,1.000000]]
    }
}